Diamond,Price,Carat,Color,Clarity,Cut
1,6003,1.82,H,I1,Fair
2,3987,0.91,G,SI2,Ideal
3,2456,0.74,H,VS2,Good
4,15718,1.12,E,VVS1,Ideal
5,2526,0.7,D,SI1,Good
6,4051,0.9,G,SI1,Ideal
7,8458,1,G,VVS2,Ideal
8,446,0.34,E,SI2,Good
9,5222,1,F,SI1,Premium
10,4325,0.9,G,SI1,Ideal
11,11760,1.38,F,VS1,Very Good
12,1776,0.58,E,VS2,Ideal
13,803,0.34,H,VVS1,Good
14,506,0.35,H,SI1,Very Good
15,2065,0.7,I,VS2,Fair
16,1819,0.57,D,VS2,Very Good
17,8983,1.03,E,VS1,Premium
18,6577,1.21,I,VS1,Ideal
19,4730,1.1,D,SI2,Fair
20,1264,1.03,E,I1,Fair
21,1273,0.53,H,SI1,Ideal
22,4841,0.9,H,VS1,Ideal
23,505,0.31,H,VS2,Very Good
24,2052,0.5,G,VVS1,Ideal
25,951,0.4,H,VVS2,Ideal
26,5052,0.92,D,SI2,Ideal
27,2600,0.7,F,SI1,Ideal
28,740,0.3,D,VS2,Premium
29,542,0.32,H,VS1,Premium
30,11185,1.29,F,VS1,Premium
31,1005,0.43,I,VVS2,Ideal
32,866,0.32,F,VS2,Premium
33,978,0.31,E,VS1,Premium
34,2377,1.2,I,I1,Fair
35,2330,0.71,I,SI1,Ideal
36,807,0.32,F,VVS2,Ideal
37,942,0.3,D,VS2,Premium
38,1489,0.58,D,SI2,Ideal
39,1653,0.51,F,VS2,Premium
40,8492,1.02,D,VS1,Premium
41,458,0.27,G,VS2,Very Good
42,1699,0.53,F,VS2,Very Good
43,11862,1.5,E,SI1,Fair
44,1144,0.3,D,VVS2,Ideal
45,989,0.31,D,VS2,Ideal
46,5338,1,H,VS2,Very Good
47,11706,1.32,F,VS1,Premium
48,449,0.34,F,SI2,Very Good
49,1182,0.37,E,VVS2,Ideal
50,12224,2.1,J,SI2,Very Good
51,3757,0.91,E,SI2,Premium
52,1909,0.57,E,VS2,Ideal
53,734,0.35,F,VS2,Ideal
54,5912,1,G,VS2,Very Good
55,699,0.32,H,VVS1,Very Good
56,1780,0.5,F,VS1,Ideal
57,874,0.35,G,VS1,Premium
58,18100,2.16,E,SI2,Ideal
59,19391,1.51,E,VS1,Ideal
60,950,0.31,F,VVS1,Ideal
61,2740,0.71,G,SI1,Ideal
62,3438,0.91,J,VS2,Very Good
63,872,0.3,F,VS1,Ideal
64,3587,1,J,VS2,Good
65,4168,1,F,SI2,Premium
66,488,0.3,I,VS1,Premium
67,530,0.32,I,VS1,Premium
68,1770,0.7,D,SI2,Fair
69,4527,0.9,D,SI1,Very Good
70,579,0.3,I,VVS2,Ideal
71,2785,0.78,F,SI1,Premium
72,632,0.3,G,VS1,Good
73,4726,1,D,SI2,Very Good
74,13188,2.01,J,SI2,Premium
75,2398,0.8,J,VS1,Very Good
76,1417,0.54,E,SI2,Very Good
77,824,0.3,E,VVS2,Premium
78,726,0.41,E,SI1,Very Good
79,19140,1.7,F,VS1,Premium
80,955,0.4,E,VS2,Ideal
81,3617,0.89,H,VS1,Premium
82,9930,1.35,G,VS2,Premium
83,3254,0.73,F,SI1,Ideal
84,1031,0.51,G,SI2,Good
85,7947,1.24,E,SI1,Ideal
86,4323,1,E,SI2,Very Good
87,769,0.38,I,SI1,Premium
88,766,0.4,E,SI1,Very Good
89,7658,1.25,H,VS2,Premium
90,3600,1.01,H,SI2,Very Good
91,1960,0.52,E,VS2,Ideal
92,1038,0.52,H,SI2,Ideal
93,3205,0.91,G,SI2,Very Good
94,624,0.3,H,VVS2,Good
95,2495,0.63,G,VS2,Premium
96,2050,0.56,D,VS2,Ideal
97,655,0.26,E,VVS2,Ideal
98,3087,0.7,D,VS2,Good
99,975,0.3,G,VVS1,Very Good
100,617,0.4,J,VS2,Good
101,2827,0.71,E,SI1,Ideal
102,639,0.32,I,VVS1,Ideal
103,8239,1.63,H,SI2,Ideal
104,1357,0.52,F,SI2,Good
105,1663,0.54,D,SI1,Very Good
106,5900,1.04,F,SI1,Premium
107,1782,0.55,F,VS2,Ideal
108,3781,0.9,F,SI1,Good
109,1041,0.42,D,SI1,Premium
110,5614,1.19,H,SI1,Very Good
111,6754,1.32,H,VS2,Premium
112,3960,0.91,D,SI2,Premium
113,742,0.34,G,VS2,Premium
114,4495,1.01,H,VVS2,Fair
115,1189,0.4,F,VVS2,Ideal
116,3591,0.9,H,SI1,Very Good
117,3123,0.9,F,SI2,Good
118,1046,0.33,G,VVS2,Ideal
119,1181,0.5,G,SI1,Premium
120,563,0.31,G,VS2,Premium
121,1641,0.52,G,VS2,Premium
122,945,0.3,F,VVS1,Ideal
123,2123,0.76,I,SI1,Very Good
124,11603,1.41,G,VS1,Ideal
125,5267,1,H,VS2,Very Good
126,8300,1.23,H,VS1,Ideal
127,2079,0.51,H,VVS1,Ideal
128,9431,1.5,H,SI1,Good
129,3874,0.73,F,VVS2,Very Good
130,2701,1.02,J,SI2,Ideal
131,1095,0.4,E,VVS2,Premium
132,2470,0.72,E,SI2,Ideal
133,2760,0.77,J,VVS1,Very Good
134,1302,0.47,E,VS2,Ideal
135,3974,0.73,E,VVS2,Fair
136,4202,1.01,F,SI2,Premium
137,910,0.28,E,VVS1,Premium
138,6922,1.21,H,VS2,Premium
139,4101,1,H,SI2,Good
140,619,0.34,H,VS1,Very Good
141,7162,1.24,H,VS2,Premium
142,626,0.34,D,SI1,Good
143,1627,0.51,D,SI1,Ideal
144,12116,1.05,E,VVS1,Premium
145,1013,0.31,G,VVS2,Ideal
146,776,0.42,E,SI1,Good
147,878,0.31,F,VVS1,Premium
148,7496,1.5,E,SI2,Fair
149,6006,1.2,I,VS1,Ideal
150,1276,0.51,F,SI1,Premium
151,1104,0.33,F,VVS1,Ideal
152,488,0.3,G,SI1,Ideal
153,3444,0.71,G,VS2,Ideal
154,4505,1.04,H,SI2,Ideal
155,2389,0.61,E,VS1,Ideal
156,835,0.38,D,VS2,Ideal
157,10190,2.01,H,SI2,Fair
158,1697,0.5,E,VS2,Very Good
159,10528,1.5,D,SI2,Premium
160,634,0.3,F,VS2,Ideal
161,4804,1.09,I,SI1,Very Good
162,10824,1.34,F,VS2,Premium
163,1150,0.54,E,SI2,Ideal
164,10317,1.54,J,VVS1,Premium
165,3379,0.91,G,SI2,Premium
166,511,0.31,I,VS1,Very Good
167,2385,0.7,H,SI1,Premium
168,2513,0.61,E,VS2,Ideal
169,5500,1.06,E,SI1,Ideal
170,16535,1.57,G,VVS2,Ideal
171,3842,1,H,SI1,Fair
172,1308,0.6,F,SI2,Good
173,2233,0.74,H,SI2,Very Good
174,8754,1.01,G,VVS1,Very Good
175,1269,0.4,E,VVS2,Ideal
176,1889,0.58,E,VS2,Ideal
177,3363,0.84,D,SI2,Ideal
178,5462,1.01,H,SI1,Ideal
179,586,0.27,G,VVS1,Very Good
180,4302,1,F,SI1,Good
181,1675,0.72,H,SI2,Good
182,604,0.35,F,SI1,Ideal
183,12592,1.75,I,VS2,Ideal
184,5677,1.06,E,SI1,Premium
185,7107,1.14,D,SI1,Very Good
186,3864,1.01,G,SI2,Good
187,2661,0.71,G,VS2,Ideal
188,1362,0.45,D,VS2,Very Good
189,881,0.41,G,VS1,Good
190,3553,0.77,F,VVS2,Very Good
191,8812,1.56,H,SI2,Ideal
192,4224,1,E,SI1,Fair
193,1814,0.7,F,SI2,Premium
194,3800,1.23,G,SI2,Ideal
195,1758,0.52,G,VS1,Ideal
196,16674,2.01,D,SI2,Good
197,709,0.3,H,VS1,Premium
198,7966,1.24,G,VS2,Very Good
199,6248,1.02,G,VS2,Premium
200,9197,1.71,H,SI1,Premium
201,1680,0.5,E,VS2,Ideal
202,7147,1.2,E,SI1,Very Good
203,18352,2.12,F,SI2,Ideal
204,4860,1.2,G,SI2,Good
205,5282,1.01,D,VS1,Good
206,1084,0.34,D,VS2,Ideal
207,2495,0.65,D,VS1,Premium
208,1819,0.71,F,SI2,Good
209,1697,0.5,D,VS2,Very Good
210,6017,1.5,G,SI2,Good
211,9350,1.15,G,VVS2,Ideal
212,4615,0.9,H,VS1,Ideal
213,948,0.3,F,VVS1,Ideal
214,615,0.27,F,VVS1,Very Good
215,19384,2.55,I,VS1,Premium
216,1638,0.55,H,SI1,Ideal
217,3103,0.73,G,VS1,Very Good
218,442,0.32,E,SI2,Ideal
219,2702,0.71,D,SI1,Very Good
220,10294,1.5,I,VS2,Very Good
221,2511,0.71,I,VVS2,Good
222,789,0.32,D,VS2,Premium
223,677,0.39,H,SI1,Ideal
224,1134,0.4,E,VS2,Ideal
225,2048,0.71,J,VS2,Premium
226,588,0.38,D,SI1,Very Good
227,6787,1.37,G,SI2,Very Good
228,2499,0.54,G,VVS1,Ideal
229,1897,0.56,E,VS2,Ideal
230,638,0.3,F,VS1,Ideal
231,5593,1.31,I,SI2,Very Good
232,1153,0.4,E,VVS2,Ideal
233,11582,1.7,I,SI1,Ideal
234,726,0.33,H,VVS2,Ideal
235,4491,1.01,E,SI1,Premium
236,769,0.37,G,SI1,Ideal
237,700,0.42,E,SI2,Ideal
238,4287,0.9,D,VS2,Ideal
239,1953,0.55,G,VS1,Ideal
240,12265,1.5,E,SI1,Ideal
241,1789,0.56,H,VS1,Ideal
242,7567,1.5,E,SI2,Fair
243,5494,1.34,J,SI2,Ideal
244,15512,1.51,E,VS2,Premium
245,967,0.31,G,VVS1,Ideal
246,7504,1.4,F,SI2,Premium
247,779,0.33,G,VS2,Ideal
248,1388,0.43,G,VVS1,Premium
249,498,0.24,E,VVS2,Very Good
250,711,0.34,H,VS2,Premium
251,3604,0.71,G,VVS2,Ideal
252,862,0.32,E,VS1,Ideal
253,2636,0.93,E,I1,Premium
254,493,0.27,E,VS2,Very Good
255,14112,2.01,I,SI1,Good
256,1118,0.41,F,VS2,Ideal
257,1605,0.51,G,VS2,Ideal
258,725,0.42,D,SI1,Very Good
259,1359,0.51,F,SI1,Very Good
260,7068,1.27,H,SI1,Ideal
261,5250,1,H,SI1,Very Good
262,1321,0.39,G,VVS1,Ideal
263,16128,2.01,I,VS2,Premium
264,3433,0.7,D,VS1,Ideal
265,4893,1.14,G,SI2,Premium
266,5439,1.06,H,VS1,Premium
267,12411,2,G,SI2,Premium
268,2993,0.86,I,VS1,Very Good
269,780,0.41,F,SI1,Premium
270,3364,0.92,J,VS2,Ideal
271,6932,1.5,E,SI2,Fair
272,13051,2.15,I,SI1,Ideal
273,12809,1.1,D,VVS2,Ideal
274,2266,0.72,I,VS2,Good
275,797,0.35,H,VVS1,Very Good
276,8408,1.05,G,VS1,Ideal
277,1493,0.41,E,VVS1,Ideal
278,942,0.35,G,VS1,Premium
279,498,0.3,G,SI1,Ideal
280,2169,0.78,J,SI1,Very Good
281,5769,1.05,H,VS2,Good
282,7272,1.01,F,VS1,Premium
283,692,0.24,D,VVS2,Premium
284,4798,1.1,H,SI2,Ideal
285,503,0.31,H,SI2,Premium
286,4190,1.01,F,SI1,Fair
287,2686,0.56,G,VVS1,Ideal
288,1252,0.52,G,SI1,Premium
289,1667,0.5,E,VS2,Very Good
290,1725,0.53,E,VS2,Very Good
291,7891,1.8,D,SI2,Ideal
292,481,0.32,I,VS2,Ideal
293,1703,0.55,D,SI1,Premium
294,6943,1.61,G,SI2,Very Good
295,1750,0.5,E,VS1,Premium
296,12239,2,H,SI2,Premium
297,812,0.39,G,VS2,Good
298,770,0.3,I,VVS1,Premium
299,10550,1.2,F,VVS2,Very Good
300,675,0.27,E,VVS2,Ideal
301,1849,0.52,E,VS1,Ideal
302,761,0.31,D,VS1,Very Good
303,620,0.33,H,VS1,Ideal
304,949,0.32,E,VVS2,Ideal
305,865,0.35,D,VS2,Ideal
306,772,0.4,F,SI1,Very Good
307,2279,0.7,H,VS2,Ideal
308,1916,0.55,F,VS1,Ideal
309,7070,1.7,H,I1,Ideal
310,11316,2.01,I,SI2,Premium
311,6789,1.25,H,SI1,Premium
312,1364,0.47,D,VS2,Ideal
313,2682,0.7,G,SI1,Very Good
314,18670,1.74,G,VS1,Premium
315,2143,0.53,G,VVS1,Ideal
316,2561,0.7,D,SI2,Ideal
317,16092,2,H,SI1,Very Good
318,1442,0.5,E,VS2,Good
319,2436,0.73,E,SI2,Ideal
320,1002,0.32,E,VVS1,Ideal
321,5208,1.25,I,SI2,Good
322,656,0.34,D,SI1,Premium
323,5602,1.13,J,VS1,Very Good
324,8917,1.31,H,VS1,Ideal
325,627,0.4,J,VS1,Ideal
326,4704,1.05,H,SI1,Premium
327,576,0.35,I,VS1,Ideal
328,1234,0.58,E,SI2,Very Good
329,1081,0.5,J,VS1,Premium
330,1042,0.35,F,VVS1,Fair
331,4578,1.09,H,SI2,Premium
332,7585,1.12,G,VS2,Ideal
333,12006,1.76,I,VS1,Ideal
334,629,0.34,D,SI1,Ideal
335,5501,1,D,SI1,Ideal
336,904,0.32,F,VS1,Ideal
337,4288,1.1,J,SI2,Ideal
338,793,0.43,F,SI1,Very Good
339,1182,0.5,H,VS1,Fair
340,1117,0.41,E,VS1,Ideal
341,18247,2,G,SI1,Very Good
342,559,0.37,H,SI1,Ideal
343,2423,0.72,J,VVS1,Very Good
344,3686,1,G,SI2,Good
345,1327,0.58,I,VS2,Ideal
346,1958,0.55,E,VS2,Premium
347,759,0.36,G,VS1,Premium
348,3378,0.9,H,SI2,Premium
349,1111,0.33,D,VVS2,Ideal
350,928,0.38,E,VS1,Very Good
351,549,0.3,H,VS1,Ideal
352,2328,0.73,G,SI1,Ideal
353,766,0.43,E,SI2,Very Good
354,5644,1.01,D,SI1,Premium
355,5424,1.06,D,SI2,Ideal
356,663,0.38,D,SI1,Premium
357,2065,0.98,I,I1,Premium
358,6615,1.26,H,SI1,Very Good
359,722,0.38,H,SI1,Ideal
360,5553,1.12,F,SI1,Very Good
361,1069,0.34,D,VS2,Premium
362,6077,0.9,F,VS2,Ideal
363,8908,1.22,G,VS1,Very Good
364,1020,0.4,F,VS1,Premium
365,541,0.24,D,VVS2,Very Good
366,665,0.32,G,VS1,Very Good
367,569,0.31,H,VS1,Ideal
368,366,0.32,J,SI1,Premium
369,2149,0.7,G,SI2,Very Good
370,1055,0.41,E,VS1,Ideal
371,6285,1.23,H,VS2,Very Good
372,564,0.4,H,SI2,Good
373,1193,0.41,E,VS1,Premium
374,946,0.43,F,VS2,Very Good
375,856,0.41,G,VS2,Ideal
376,2833,0.73,D,SI1,Premium
377,6063,1.04,H,VS2,Premium
378,1654,0.51,G,VS1,Ideal
379,2714,0.76,F,SI1,Premium
380,1277,0.56,J,VS2,Very Good
381,11779,2.02,J,SI2,Very Good
382,2131,0.91,I,SI2,Fair
383,1139,0.42,D,VS2,Ideal
384,541,0.31,I,SI1,Good
385,17619,1.93,H,VS1,Premium
386,16817,1.51,E,VS1,Very Good
387,5280,1,F,SI1,Very Good
388,7939,2.2,I,I1,Fair
389,15146,1.52,D,VS2,Very Good
390,3801,0.9,G,SI2,Very Good
391,1194,0.41,E,VS1,Ideal
392,3446,0.91,I,VS2,Good
393,6160,1.23,H,SI1,Ideal
394,5393,1.01,F,SI1,Very Good
395,6102,1.09,J,VVS1,Very Good
396,1813,0.72,F,SI2,Premium
397,683,0.31,D,VS1,Good
398,12012,1.4,G,VVS2,Very Good
399,501,0.3,F,SI1,Very Good
400,845,0.37,E,VS2,Ideal
401,1299,0.5,D,SI1,Very Good
402,6915,1.28,H,SI1,Premium
403,1398,0.53,H,VS2,Ideal
404,3358,0.76,F,VS2,Ideal
405,1131,0.36,D,VS1,Ideal
406,7463,1.5,H,SI1,Very Good
407,656,0.31,F,VS2,Premium
408,2868,0.77,F,SI1,Premium
409,4643,1.09,F,SI2,Very Good
410,700,0.3,H,VS1,Ideal
411,640,0.27,E,VVS1,Ideal
412,5021,0.91,F,VS1,Good
413,2644,0.53,D,VVS2,Very Good
414,4384,0.9,H,VS2,Premium
415,789,0.41,H,VS2,Good
416,1074,0.46,G,VS1,Fair
417,4363,0.9,E,SI1,Good
418,4295,1.24,E,SI2,Premium
419,5506,1.07,H,SI1,Ideal
420,703,0.3,G,VS2,Ideal
421,10127,1.5,G,SI1,Premium
422,4432,1.15,H,SI2,Very Good
423,19452,2.06,I,VS2,Ideal
424,425,0.25,G,SI1,Ideal
425,5578,1.21,I,SI1,Ideal
426,7013,1.56,J,SI2,Very Good
427,1223,0.5,F,SI1,Good
428,6948,1.26,F,SI1,Ideal
429,11087,1.52,G,VS2,Fair
430,880,0.37,E,VVS2,Premium
431,11060,1.55,G,SI1,Very Good
432,8889,1.56,I,SI1,Ideal
433,5520,1.46,G,SI2,Fair
434,14054,1.51,G,VS1,Good
435,6709,1.25,I,VS2,Ideal
436,722,0.31,H,VS1,Premium
437,7036,1.31,I,VS1,Premium
438,832,0.34,D,VS2,Ideal
439,2112,0.54,H,VVS1,Ideal
440,9713,1.7,H,SI2,Fair
441,479,0.34,E,SI2,Ideal
442,936,0.62,G,I1,Premium
443,638,0.3,H,VS2,Premium
444,6817,1.01,E,VS2,Premium
445,512,0.3,H,VS2,Ideal
446,4761,1.11,G,SI2,Premium
447,796,0.34,G,VS2,Ideal
448,6688,1.26,E,SI2,Ideal
449,3486,1.01,E,I1,Good
450,3226,1.18,E,I1,Very Good
451,1743,0.53,E,VS2,Ideal
452,3524,0.9,E,SI1,Good
453,6361,2.02,G,I1,Fair
454,491,0.3,H,VS2,Very Good
455,1896,0.52,D,VS2,Ideal
456,3943,0.71,E,VS2,Ideal
457,9086,1.23,F,VS1,Ideal
458,612,0.31,G,SI1,Premium
459,874,0.4,F,VS2,Premium
460,1045,0.38,E,VS1,Ideal
461,13608,1.51,E,VS2,Ideal
462,945,0.33,G,VVS1,Ideal
463,11570,1.51,F,SI1,Ideal
464,429,0.32,J,VS2,Ideal
465,453,0.26,H,VS2,Ideal
466,2996,0.74,I,VVS2,Ideal
467,550,0.33,F,SI1,Ideal
468,546,0.31,E,SI1,Good
469,6544,1.17,H,VS2,Ideal
470,466,0.24,G,VVS2,Very Good
471,3811,1.08,I,SI2,Premium
472,2880,0.72,G,SI1,Ideal
473,4299,0.91,H,VVS1,Fair
474,538,0.33,I,VS1,Premium
475,6523,1.51,H,SI2,Premium
476,7892,1.56,I,SI1,Very Good
477,10957,1.59,I,VS2,Premium
478,1324,0.46,D,VS2,Very Good
479,2382,0.77,I,VVS2,Fair
480,8726,1.72,J,SI1,Ideal
481,1919,0.54,F,VS1,Ideal
482,1069,0.35,G,VVS1,Ideal
483,2450,0.62,F,VS1,Ideal
484,1712,0.7,J,VS1,Ideal
485,702,0.31,E,VS2,Premium
486,904,0.4,G,SI1,Very Good
487,2928,0.73,E,SI1,Ideal
488,7952,1.54,J,SI1,Premium
489,3594,0.9,I,VS2,Very Good
490,693,0.4,I,VS2,Ideal
491,5810,1.01,E,SI1,Premium
492,709,0.33,G,VS1,Very Good
493,7205,1.19,E,VS2,Good
494,992,0.42,E,SI1,Premium
495,2811,0.93,J,SI2,Premium
496,6888,1.01,F,VS1,Good
497,551,0.32,D,SI1,Very Good
498,529,0.3,I,SI1,Very Good
499,1172,0.41,G,VVS2,Ideal
500,4853,1.2,I,SI2,Premium
501,1822,0.71,G,SI2,Good
502,4072,0.58,D,VVS1,Ideal
503,502,0.27,I,VVS2,Ideal
504,1144,0.36,E,VS1,Ideal
505,14171,1.51,F,SI1,Good
506,4157,0.9,H,VS1,Very Good
507,3086,0.82,I,SI1,Ideal
508,10891,1.5,I,VVS2,Premium
509,3128,0.93,G,SI2,Ideal
510,632,0.33,G,SI1,Premium
511,729,0.31,G,VS2,Ideal
512,4243,1.01,H,SI2,Premium
513,599,0.31,D,SI1,Ideal
514,821,0.41,E,SI2,Premium
515,422,0.23,F,VS2,Very Good
516,9032,1.03,D,VS1,Ideal
517,1274,0.55,E,SI2,Ideal
518,5007,0.9,G,VS1,Very Good
519,510,0.3,H,VS1,Very Good
520,1119,0.32,G,VVS1,Ideal
521,2102,0.59,F,VS1,Very Good
522,10306,1.34,G,VS1,Ideal
523,7142,1.01,F,VS2,Premium
524,833,0.27,F,VVS2,Ideal
525,12691,1.51,D,VS2,Very Good
526,3458,0.92,J,VS1,Ideal
527,6314,1.34,D,I1,Ideal
528,7579,1.47,G,SI2,Premium
529,15313,2.41,H,SI2,Premium
530,690,0.4,E,SI1,Good
531,3867,0.93,I,SI1,Ideal
532,726,0.38,I,VS1,Ideal
533,780,0.33,G,VVS2,Ideal
534,1162,0.38,E,VS2,Premium
535,4369,1.05,H,SI1,Ideal
536,1814,0.58,D,VS2,Very Good
537,1843,0.51,G,VS1,Ideal
538,825,0.39,J,VS1,Premium
539,922,0.31,D,VS2,Ideal
540,8695,1.5,J,VS1,Good
541,2943,0.7,E,VS1,Very Good
542,2180,0.71,I,VS1,Fair
543,1058,0.34,G,VVS1,Ideal
544,1139,0.5,H,SI1,Premium
545,1772,0.7,H,SI1,Good
546,545,0.38,J,SI1,Ideal
547,6172,1.14,H,VS2,Premium
548,1646,0.59,H,VS2,Premium
549,1816,0.7,G,SI2,Premium
550,3247,0.91,J,VS2,Very Good
551,705,0.43,G,SI1,Good
552,713,0.4,E,SI1,Very Good
553,12506,1.02,D,VVS2,Ideal
554,1386,0.4,F,VVS1,Ideal
555,11509,1.26,G,VVS2,Ideal
556,15889,1.59,E,VS2,Premium
557,1115,0.32,D,VVS2,Ideal
558,984,0.4,F,VS1,Very Good
559,1269,0.53,G,SI1,Premium
560,586,0.31,G,VS2,Very Good
561,1780,0.63,D,SI1,Ideal
562,946,0.3,D,VS2,Premium
563,820,0.33,D,VS2,Very Good
564,734,0.3,D,VS2,Very Good
565,2897,0.52,E,VVS2,Ideal
566,750,0.38,J,VS2,Premium
567,1240,0.42,H,VS2,Very Good
568,7812,1.01,E,VS1,Good
569,773,0.32,E,VVS2,Very Good
570,1414,0.5,E,SI1,Ideal
571,3533,0.81,H,VS1,Very Good
572,1378,0.55,F,SI1,Ideal
573,3411,1.05,J,SI2,Very Good
574,799,0.34,I,VVS2,Very Good
575,620,0.32,H,SI1,Premium
576,9081,2.28,J,SI2,Good
577,2858,0.57,E,VVS2,Ideal
578,681,0.45,E,SI2,Good
579,2563,0.71,E,SI1,Premium
580,16766,2.38,J,VS2,Very Good
581,6450,1,F,VS2,Very Good
582,538,0.3,D,VS2,Good
583,766,0.3,E,VVS2,Very Good
584,2434,0.7,F,VS2,Very Good
585,1119,0.41,E,VS1,Ideal
586,919,0.4,F,SI1,Ideal
587,1377,0.51,E,SI1,Very Good
588,944,0.33,G,VVS1,Premium
589,605,0.37,H,VS2,Good
590,1790,0.52,G,VS1,Ideal
591,5732,1.22,H,SI2,Ideal
592,5506,1,D,SI1,Premium
593,1216,0.33,G,VVS1,Premium
594,4603,1,D,SI1,Ideal
595,9059,1.05,G,VVS2,Premium
596,582,0.26,D,VVS2,Good
597,1814,0.7,H,SI1,Fair
598,1007,0.44,E,SI1,Very Good
599,875,0.37,E,SI1,Ideal
600,3822,0.72,H,VVS2,Ideal
601,491,0.31,J,VVS2,Ideal
602,2678,0.7,E,SI1,Premium
603,8821,1.5,E,SI1,Good
604,6313,1.15,F,SI1,Very Good
605,1998,0.54,D,VS1,Good
606,1041,0.3,E,VVS1,Ideal
607,7263,1.33,I,VS1,Good
608,5939,1.29,H,SI2,Premium
609,4490,0.92,E,SI1,Premium
610,6537,2,J,I1,Good
611,5072,1.2,J,SI1,Ideal
612,1493,0.51,E,SI1,Very Good
613,2724,0.7,I,VVS1,Ideal
614,692,0.33,F,VS2,Ideal
615,12632,2.18,H,SI2,Premium
616,722,0.31,E,SI1,Premium
617,1118,0.43,F,VS2,Ideal
618,2655,0.72,D,SI2,Ideal
619,815,0.36,E,VS2,Ideal
620,4666,1.2,J,SI1,Very Good
621,4431,0.64,D,VVS1,Ideal
622,4975,0.9,D,VS2,Very Good
623,3811,0.9,F,SI2,Very Good
624,2971,0.7,G,VS1,Ideal
625,669,0.32,F,VS2,Premium
626,3167,0.66,G,VVS1,Ideal
627,741,0.3,D,SI1,Good
628,884,0.4,E,SI1,Good
629,1082,0.55,J,VS2,Good
630,1002,0.34,E,VS2,Ideal
631,406,0.3,J,VS1,Ideal
632,719,0.4,J,VVS2,Ideal
633,14329,1.05,F,VVS1,Ideal
634,449,0.34,I,SI1,Premium
635,11027,1.5,H,VS2,Good
636,3320,0.78,F,VS1,Good
637,1757,0.52,H,VVS1,Ideal
638,4148,0.91,E,SI1,Ideal
639,629,0.3,E,VS2,Ideal
640,4858,1,F,SI1,Good
641,8760,1.03,F,VVS2,Very Good
642,12807,1.01,D,VVS1,Ideal
643,7517,1.41,D,SI2,Good
644,5649,1.02,H,VS2,Premium
645,909,0.3,G,VVS2,Good
646,705,0.3,H,VVS1,Good
647,857,0.35,E,VS1,Premium
648,4625,0.91,E,SI1,Premium
649,433,0.32,J,VS2,Ideal
650,1072,0.36,H,VVS1,Ideal
651,2921,0.7,F,VVS2,Ideal
652,489,0.29,H,VVS2,Very Good
653,13940,1.13,D,VVS2,Ideal
654,1366,0.4,F,VVS1,Ideal
655,945,0.31,E,VVS2,Ideal
656,11327,1.55,E,SI1,Very Good
657,12640,2.01,J,SI1,Very Good
658,1031,0.33,G,VVS1,Ideal
659,8797,1.5,J,VVS2,Very Good
660,724,0.33,H,VVS2,Ideal
661,1181,0.52,J,VS2,Very Good
662,1720,0.61,G,VS2,Good
663,2382,0.75,E,SI2,Premium
664,1095,0.4,E,VS1,Premium
665,4610,0.84,D,VS1,Very Good
666,686,0.3,E,VS2,Ideal
667,7051,1.03,F,VS2,Ideal
668,9021,1.08,G,VVS1,Ideal
669,2553,0.8,H,SI1,Ideal
670,3628,0.74,D,VS2,Ideal
671,1288,0.56,D,SI2,Ideal
672,6590,1.01,D,SI1,Ideal
673,1198,0.41,I,VVS1,Premium
674,7285,1.73,I,SI2,Premium
675,3655,0.91,E,SI2,Very Good
676,2404,0.7,D,SI1,Good
677,7783,1.52,J,VS2,Very Good
678,13811,2.1,H,SI2,Very Good
679,18538,2.02,F,SI2,Premium
680,1113,0.41,G,VS2,Premium
681,4081,1,D,SI2,Good
682,1426,0.54,H,VS1,Good
683,7184,1.5,E,SI2,Premium
684,4992,1,I,VS2,Ideal
685,4209,1.04,H,SI2,Good
686,4684,1.03,G,SI1,Good
687,811,0.32,F,VVS2,Very Good
688,6955,1.07,G,VS1,Premium
689,6354,0.99,F,VS2,Very Good
690,1108,0.43,D,VS2,Premium
691,1096,0.43,E,VS2,Ideal
692,18937,2.08,E,SI2,Ideal
693,670,0.32,G,VS1,Ideal
694,743,0.4,D,SI1,Ideal
695,13274,1.33,G,VVS1,Ideal
696,5382,1.1,F,VS2,Very Good
697,937,0.32,F,VVS1,Ideal
698,1171,0.51,H,VS2,Good
699,14250,1.22,F,VVS1,Ideal
700,5151,1.01,E,SI1,Premium
701,1799,0.5,E,VS2,Premium
702,1486,0.5,G,VS1,Good
703,1349,0.52,E,SI1,Very Good
704,1495,0.45,G,VVS1,Ideal
705,3893,1.01,I,SI1,Very Good
706,1966,0.51,D,VS1,Premium
707,2551,0.77,G,SI2,Good
708,1913,0.57,G,VS1,Ideal
709,5601,1.01,E,SI1,Ideal
710,15501,1.5,F,VS1,Very Good
711,1177,0.57,F,SI2,Premium
712,5179,1.16,F,SI2,Premium
713,3223,0.7,E,VS1,Very Good
714,2703,0.81,I,SI1,Very Good
715,2340,1.05,I,I1,Premium
716,979,0.4,F,SI1,Premium
717,7301,1,F,VS1,Premium
718,3590,0.73,D,VS2,Ideal
719,4702,0.93,D,SI2,Premium
720,4664,1.12,I,SI1,Premium
721,1697,0.71,G,SI2,Fair
722,975,0.31,G,VVS1,Ideal
723,7312,1.75,H,I1,Ideal
724,2869,0.97,F,I1,Ideal
725,2698,0.72,F,VS2,Ideal
726,584,0.35,F,SI1,Premium
727,740,0.32,D,VS1,Ideal
728,5738,1,E,SI1,Ideal
729,2947,0.7,F,VS1,Good
730,1119,0.46,E,VS2,Fair
731,5533,1.02,H,VS2,Premium
732,11545,1.23,F,VVS2,Ideal
733,6685,1.22,H,SI1,Premium
734,995,0.41,E,VS1,Ideal
735,601,0.33,G,VS2,Very Good
736,12574,1.64,F,SI1,Very Good
737,6468,1.23,H,SI2,Ideal
738,2385,0.69,G,SI1,Ideal
739,6400,1,F,VS2,Very Good
740,4481,0.83,E,VS2,Ideal
741,4574,1.07,F,SI2,Very Good
742,2109,0.5,D,VS1,Ideal
743,2514,0.71,E,SI2,Ideal
744,4365,0.8,D,VS2,Ideal
745,2941,0.7,D,SI1,Ideal
746,1345,0.61,I,VS2,Good
747,918,0.4,D,VS2,Ideal
748,12231,1.8,F,SI2,Good
749,3203,0.63,D,VVS2,Ideal
750,18445,2.01,E,SI2,Ideal
751,7265,1.01,D,VS2,Good
752,4476,0.81,E,VS2,Ideal
753,1342,0.41,G,VVS1,Premium
754,3057,0.81,I,VS2,Ideal
755,705,0.41,D,SI2,Ideal
756,4916,1.07,G,SI2,Ideal
757,2455,0.71,I,VS2,Premium
758,1703,0.54,D,VS2,Good
759,812,0.36,E,SI1,Very Good
760,6493,1.34,G,SI2,Very Good
761,7246,1.02,H,VVS2,Ideal
762,619,0.31,F,SI1,Good
763,8334,1.2,G,VS2,Very Good
764,3752,1,E,SI2,Good
765,6127,0.9,G,VVS1,Very Good
766,561,0.3,G,VS2,Very Good
767,9776,1.03,G,VVS1,Ideal
768,8099,1.61,J,VS2,Premium
769,650,0.31,F,VS2,Ideal
770,646,0.32,D,SI1,Very Good
771,3334,0.98,G,SI2,Fair
772,2280,1,F,I1,Fair
773,928,0.4,E,VS1,Ideal
774,669,0.4,H,SI1,Good
775,9436,1.01,F,VVS1,Good
776,1189,0.39,F,VVS1,Ideal
777,909,0.4,G,VS1,Premium
778,19235,2.26,H,SI1,Premium
779,1213,0.53,I,VS2,Ideal
780,18538,2.72,J,SI2,Ideal
781,1922,0.51,E,VS1,Very Good
782,3470,1.02,G,I1,Ideal
783,7887,1.21,H,VS2,Ideal
784,1393,0.41,G,VVS1,Ideal
785,4517,1.02,H,SI2,Good
786,18167,2.01,G,SI1,Very Good
787,792,0.35,E,VS2,Premium
788,3215,1,J,SI2,Fair
789,665,0.3,H,VVS2,Ideal
790,817,0.35,H,VS1,Premium
791,3035,0.81,F,SI1,Premium
792,14254,1.61,D,SI1,Premium
793,4213,1.07,G,SI2,Very Good
794,1444,0.46,D,VS2,Ideal
795,3068,0.9,J,VS1,Fair
796,4097,1,E,SI2,Fair
797,5166,1.02,H,SI1,Ideal
798,1055,0.4,G,VS1,Very Good
799,4290,1.24,E,SI2,Premium
800,833,0.38,F,VS2,Very Good
801,6153,1,D,SI1,Premium
802,6830,1.03,G,VS1,Very Good
803,5222,1.01,D,SI1,Good
804,3805,1.11,G,SI2,Premium
805,2191,0.7,F,SI2,Premium
806,3974,0.91,D,SI1,Good
807,1876,0.52,E,VS2,Premium
808,15934,1.55,E,VS2,Ideal
809,2059,0.51,D,VS2,Premium
810,3780,0.92,F,SI2,Very Good
811,13971,1.9,G,SI2,Premium
812,3144,0.81,I,SI1,Ideal
813,14291,1.5,E,VS2,Very Good
814,3928,1.02,I,SI1,Very Good
815,10058,1.22,G,VVS2,Very Good
816,1961,0.54,H,VVS2,Good
817,975,0.3,E,VVS1,Ideal
818,594,0.23,D,VS2,Very Good
819,5370,1.34,G,SI2,Ideal
820,7243,1.11,E,SI1,Ideal
821,1155,0.33,E,VVS1,Ideal
822,727,0.32,E,VS2,Ideal
823,2063,0.52,G,VVS1,Ideal
824,10715,1.51,F,SI1,Ideal
825,9305,1.27,G,VS2,Ideal
826,6261,1.21,D,SI2,Very Good
827,10994,1.51,E,SI2,Ideal
828,5081,1.01,H,SI1,Ideal
829,13195,1.51,D,SI1,Ideal
830,7483,1.02,F,VS2,Ideal
831,5340,1.2,J,SI1,Very Good
832,12772,2.01,H,SI2,Ideal
833,3196,0.8,F,SI1,Very Good
834,6066,1.07,E,SI2,Ideal
835,10753,1.56,H,SI1,Ideal
836,7742,1.2,I,VVS1,Very Good
837,7551,1.01,G,VVS2,Good
838,447,0.3,D,SI2,Good
839,1208,0.44,E,VS1,Very Good
840,680,0.32,I,VS1,Premium
841,1252,0.54,E,SI2,Premium
842,2199,0.7,F,SI1,Premium
843,827,0.31,G,VS1,Premium
844,5958,1.11,H,SI1,Ideal
845,786,0.41,G,SI2,Premium
846,486,0.24,H,VVS1,Very Good
847,860,0.35,F,VVS2,Ideal
848,3705,0.75,F,VVS2,Very Good
849,5092,1.01,G,SI1,Very Good
850,3749,1.01,H,SI2,Premium
851,3530,0.9,F,SI2,Very Good
852,646,0.35,D,SI1,Ideal
853,13934,2.06,G,SI2,Premium
854,4328,0.91,I,VS2,Ideal
855,13293,1.39,F,VS2,Ideal
856,1188,0.58,J,VS2,Very Good
857,846,0.4,H,VS1,Very Good
858,1902,0.61,G,VS2,Good
859,3117,0.71,E,VS1,Very Good
860,856,0.41,G,VS2,Premium
861,1641,0.51,F,VS2,Premium
862,615,0.35,E,SI1,Ideal
863,1744,0.51,G,VS1,Ideal
864,9831,1.12,G,VVS1,Good
865,1443,0.39,E,VVS1,Ideal
866,5885,1.01,F,SI1,Ideal
867,1162,0.43,G,VS2,Premium
868,2617,0.7,G,VS1,Premium
869,7164,1.06,G,VS1,Premium
870,6824,1.15,G,VS1,Fair
871,2628,0.74,E,SI2,Ideal
872,8879,1.31,H,VS1,Ideal
873,2930,0.7,F,VS1,Very Good
874,1689,0.52,E,SI1,Premium
875,2896,0.7,E,VS2,Ideal
876,550,0.26,D,VVS1,Good
877,1202,0.31,E,VVS1,Ideal
878,371,0.24,I,VS1,Premium
879,6697,1.2,H,VS2,Good
880,4721,1.07,F,SI2,Premium
881,4479,0.79,I,VVS2,Ideal
882,3802,1,J,VS2,Premium
883,7844,1.07,F,VS2,Ideal
884,1567,0.5,D,SI1,Ideal
885,6498,1.04,G,VS2,Premium
886,907,0.3,E,VVS1,Ideal
887,4738,1.06,E,SI2,Premium
888,794,0.34,E,SI1,Premium
889,594,0.31,D,SI2,Very Good
890,3302,0.86,G,SI1,Very Good
891,1715,0.52,E,VS2,Very Good
892,885,0.3,F,VVS1,Ideal
893,840,0.4,G,VS2,Very Good
894,11732,1.7,I,VS2,Premium
895,2247,0.71,I,SI1,Ideal
896,16594,2.5,J,SI2,Ideal
897,1373,0.43,G,VVS1,Premium
898,1696,0.51,H,VS1,Very Good
899,4822,1.04,D,SI2,Premium
900,2684,0.7,D,SI1,Very Good
901,924,0.32,F,VVS1,Very Good
902,1125,0.41,E,VS1,Premium
903,9750,1.13,G,VVS1,Premium
904,2117,0.75,G,SI2,Good
905,962,0.3,H,VVS1,Premium
906,515,0.31,F,VS2,Very Good
907,1413,0.44,G,VVS1,Ideal
908,3253,0.72,H,VVS1,Ideal
909,4292,1.11,F,SI2,Premium
910,950,0.43,E,SI2,Ideal
911,15815,2.03,I,SI1,Very Good
912,1715,0.53,E,VS2,Ideal
913,790,0.35,E,SI1,Premium
914,10561,1.57,E,SI2,Ideal
915,424,0.3,G,SI2,Ideal
916,1687,0.58,G,VS2,Ideal
917,934,0.3,F,VVS1,Ideal
918,5531,1.2,I,SI1,Good
919,6040,1,G,VS2,Premium
920,1438,0.56,H,VS2,Ideal
921,6567,1.01,G,VS1,Good
922,6969,1.12,H,SI1,Ideal
923,9972,1.5,D,SI2,Very Good
924,4876,0.9,G,VVS2,Good
925,2127,0.7,G,SI1,Very Good
926,6153,1,F,VS2,Good
927,9164,1.51,G,VS2,Fair
928,17824,1.61,G,VS1,Ideal
929,808,0.42,I,VS1,Very Good
930,7588,1.56,H,SI2,Very Good
931,647,0.36,D,SI1,Ideal
932,702,0.3,G,VS2,Ideal
933,3480,0.71,D,VS2,Ideal
934,1637,0.58,F,SI1,Ideal
935,3176,0.73,E,VS2,Ideal
936,3938,1,H,SI2,Premium
937,1911,0.62,G,VS2,Premium
938,2175,0.7,D,SI2,Fair
939,924,0.41,G,SI1,Premium
940,16050,1.66,H,VVS1,Ideal
941,13706,1.62,F,SI1,Premium
942,665,0.38,H,SI1,Very Good
943,16788,2.01,H,SI1,Premium
944,1260,0.53,G,SI1,Ideal
945,3251,0.81,H,VS1,Premium
946,1011,0.41,E,SI1,Premium
947,962,0.32,E,VVS2,Ideal
948,623,0.26,F,VVS2,Very Good
949,733,0.39,H,VS2,Ideal
950,6681,1,F,VS1,Good
951,1281,0.5,D,SI2,Premium
952,4260,0.9,E,SI1,Premium
953,448,0.31,H,SI1,Very Good
954,8750,2.16,H,I1,Ideal
955,1420,0.53,F,SI1,Very Good
956,589,0.32,G,VS2,Ideal
957,992,0.4,D,SI1,Ideal
958,2895,0.82,G,SI2,Very Good
959,2793,0.76,I,VS1,Ideal
960,858,0.36,G,VVS2,Ideal
961,615,0.34,G,VS2,Ideal
962,1101,0.34,G,VVS1,Premium
963,708,0.3,F,VVS1,Good
964,812,0.42,D,SI1,Very Good
965,910,0.3,F,VVS1,Very Good
966,2754,0.71,E,SI1,Premium
967,4700,1.02,I,VS1,Good
968,1947,0.53,D,VS2,Ideal
969,3063,1.01,I,SI2,Fair
970,1055,0.39,G,VS2,Premium
971,631,0.3,G,VS1,Very Good
972,628,0.34,D,SI1,Very Good
973,1062,0.31,D,VVS2,Ideal
974,17912,2,G,SI1,Good
975,2100,0.61,E,VS2,Very Good
976,13360,1.51,G,VS1,Fair
977,4588,1.07,G,SI2,Premium
978,5185,1,D,SI1,Good
979,2692,0.76,D,SI2,Ideal
980,1320,0.56,H,SI1,Ideal
981,13517,1.72,F,SI1,Good
982,6755,1.51,I,VS2,Ideal
983,4565,1.11,I,SI2,Ideal
984,2710,0.71,E,VS2,Very Good
985,1497,0.51,H,SI2,Ideal
986,14690,1.5,F,VS2,Ideal
987,10969,1.51,G,SI1,Premium
988,3194,0.75,E,SI1,Ideal
989,6364,1.4,J,SI1,Ideal
990,637,0.3,F,VS1,Ideal
991,1373,0.38,F,VVS1,Premium
992,506,0.28,E,VS1,Very Good
993,9941,1.51,E,SI1,Premium
994,4984,1.04,H,SI1,Premium
995,739,0.32,F,VS1,Ideal
996,1621,0.5,F,VS2,Good
997,644,0.3,E,VS2,Good
998,3846,0.9,F,SI1,Premium
999,1760,0.42,D,VVS1,Ideal
1000,1107,0.3,E,VVS2,Ideal
1001,14145,1.79,G,SI1,Premium
1002,2575,0.74,E,SI2,Very Good
1003,5498,1.25,I,SI2,Ideal
1004,2218,0.7,G,SI1,Very Good
1005,1650,0.52,E,VS2,Ideal
1006,831,0.3,E,VVS2,Ideal
1007,2487,0.79,G,SI2,Very Good
1008,599,0.33,E,SI1,Good
1009,729,0.32,D,SI1,Good
1010,4380,1.02,G,SI2,Premium
1011,5162,1.01,H,SI1,Premium
1012,7841,1.21,F,SI1,Ideal
1013,18677,2.04,I,VS1,Very Good
1014,6204,1.09,H,VS2,Premium
1015,3839,0.91,J,VS1,Very Good
1016,3454,0.9,G,SI2,Very Good
1017,4941,1.1,F,SI2,Premium
1018,2600,0.75,H,VS1,Very Good
1019,667,0.31,D,VS2,Ideal
1020,4388,0.9,F,VS2,Good
1021,6306,1.25,H,SI1,Very Good
1022,1086,0.37,E,VS2,Ideal
1023,2603,0.7,F,SI1,Premium
1024,588,0.32,I,VVS2,Premium
1025,1341,0.4,I,VVS2,Ideal
1026,2720,0.72,H,VS1,Very Good
1027,1934,0.54,E,VS2,Ideal
1028,7066,1.1,E,SI1,Ideal
1029,1116,0.35,H,VVS1,Premium
1030,1114,0.41,E,VS1,Ideal
1031,1365,0.43,F,VVS2,Ideal
1032,7439,1,F,VS2,Premium
1033,7060,1.13,G,VS2,Premium
1034,543,0.3,H,SI1,Premium
1035,709,0.34,G,VS1,Ideal
1036,7992,1.26,H,VS1,Ideal
1037,10726,1.72,G,SI2,Very Good
1038,2693,0.71,G,VS2,Very Good
1039,1111,0.52,H,SI2,Ideal
1040,9677,1.04,D,VVS2,Very Good
1041,647,0.33,H,VS2,Premium
1042,1799,0.56,D,SI1,Premium
1043,680,0.3,E,VS2,Ideal
1044,4088,0.9,D,SI2,Ideal
1045,2435,0.7,I,VS2,Ideal
1046,4931,1.15,I,SI1,Ideal
1047,688,0.39,F,SI1,Very Good
1048,911,0.37,D,SI1,Premium
1049,1046,0.33,D,VS2,Premium
1050,1335,0.65,H,SI2,Very Good
1051,6767,1.5,J,SI1,Ideal
1052,4724,0.9,D,SI1,Very Good
1053,1003,0.38,H,VVS1,Very Good
1054,489,0.27,E,VS1,Ideal
1055,2188,0.7,H,SI1,Very Good
1056,3327,0.8,D,SI1,Premium
1057,5610,1.14,H,SI1,Ideal
1058,4219,0.91,F,SI1,Premium
1059,757,0.44,I,VS2,Ideal
1060,766,0.33,F,VS1,Ideal
1061,2478,0.7,F,VS2,Very Good
1062,3537,0.9,D,SI2,Very Good
1063,1129,0.39,G,VS1,Ideal
1064,9079,2.16,F,I1,Ideal
1065,786,0.32,D,SI1,Good
1066,2131,0.76,J,VS1,Very Good
1067,9396,1.2,F,VS2,Good
1068,5032,1.25,H,SI1,Premium
1069,5085,1.07,H,SI2,Ideal
1070,2003,0.7,H,SI1,Fair
1071,5142,1.07,H,SI1,Ideal
1072,768,0.33,G,VS2,Premium
1073,2892,0.7,F,VS1,Good
1074,2194,0.51,G,VVS1,Ideal
1075,7732,1.29,F,SI1,Premium
1076,2316,0.7,G,VS1,Very Good
1077,395,0.3,G,SI2,Very Good
1078,1136,0.54,G,SI2,Ideal
1079,800,0.34,G,VS2,Premium
1080,5176,1.01,F,SI1,Premium
1081,5543,1.22,I,SI1,Premium
1082,5820,1.21,G,SI1,Premium
1083,2566,0.73,I,VS2,Ideal
1084,1335,0.41,G,VVS1,Ideal
1085,14599,1.63,E,SI1,Ideal
1086,6360,1.02,D,SI1,Ideal
1087,3360,1.05,H,SI2,Premium
1088,2287,0.77,F,SI2,Premium
1089,5831,1.01,G,VS2,Good
1090,12018,1.34,H,VVS1,Ideal
1091,3762,0.55,D,VVS2,Ideal
1092,918,0.38,F,VS1,Very Good
1093,966,0.54,J,SI1,Ideal
1094,8310,1.53,I,SI2,Ideal
1095,12370,2.04,H,SI1,Premium
1096,946,0.3,G,VVS1,Ideal
1097,843,0.38,I,VS2,Premium
1098,936,0.35,F,VS2,Premium
1099,562,0.31,H,VS1,Very Good
1100,3913,1.01,F,SI2,Premium
1101,914,0.32,F,VVS2,Ideal
1102,11128,2.2,H,SI2,Very Good
1103,2892,0.72,F,VS1,Ideal
1104,848,0.31,H,VVS1,Ideal
1105,4518,1.08,H,SI2,Ideal
1106,14279,2,G,SI2,Fair
1107,3760,0.74,F,VS1,Ideal
1108,1822,0.55,E,VS2,Ideal
1109,16710,1.27,F,VVS1,Ideal
1110,903,0.31,E,VS2,Ideal
1111,1108,0.33,F,VVS1,Ideal
1112,18096,2.26,D,SI2,Very Good
1113,10094,1.22,D,VS2,Premium
1114,2058,0.7,J,VVS2,Very Good
1115,6281,1.54,E,I1,Good
1116,593,0.33,I,SI1,Good
1117,4113,1.05,H,SI2,Very Good
1118,1661,0.5,E,VS2,Premium
1119,489,0.37,F,SI2,Very Good
1120,4507,1.1,H,SI2,Premium
1121,4216,0.91,H,VS2,Ideal
1122,412,0.23,G,VVS1,Good
1123,824,0.31,G,VVS1,Ideal
1124,2446,0.73,F,SI1,Premium
1125,11500,1.51,G,SI1,Ideal
1126,659,0.36,E,SI1,Good
1127,6564,1.22,G,SI1,Ideal
1128,2471,0.7,H,VS1,Premium
1129,10029,1.76,F,SI2,Ideal
1130,12023,1.7,I,VVS2,Premium
1131,5153,1.19,J,VS1,Good
1132,13676,1.53,G,VS1,Very Good
1133,8619,1.16,G,VVS2,Very Good
1134,6395,1.2,E,SI1,Very Good
1135,2486,0.71,I,VVS2,Very Good
1136,514,0.34,I,VS2,Ideal
1137,6106,1.29,J,SI1,Ideal
1138,3509,0.7,G,VS1,Ideal
1139,1474,0.46,G,VVS1,Very Good
1140,15240,2.1,G,SI2,Premium
1141,3591,1,I,SI1,Fair
1142,925,0.31,E,VVS1,Ideal
1143,3658,0.78,D,VS2,Very Good
1144,2521,0.71,I,VVS2,Ideal
1145,673,0.35,D,SI1,Very Good
1146,745,0.43,I,VS2,Ideal
1147,1499,0.41,E,VVS2,Ideal
1148,1274,0.56,J,VS2,Ideal
1149,9296,1.08,D,VS1,Premium
1150,4172,1,F,SI2,Ideal
1151,643,0.27,D,VVS2,Very Good
1152,6389,1.53,J,SI2,Good
1153,4877,0.9,E,VS2,Very Good
1154,3238,0.72,F,VS1,Ideal
1155,12464,2.01,J,SI2,Premium
1156,600,0.33,G,VS2,Ideal
1157,1067,0.34,G,VVS1,Ideal
1158,11485,1.69,I,VS2,Ideal
1159,3900,1.01,F,SI2,Good
1160,1100,0.5,E,SI2,Very Good
1161,5111,1.06,H,SI1,Premium
1162,1178,0.33,E,VVS1,Ideal
1163,5662,1.01,G,VS2,Ideal
1164,7925,1.21,H,VS2,Premium
1165,5533,1.02,F,SI1,Premium
1166,4519,0.9,G,SI1,Very Good
1167,3799,0.95,J,VVS2,Premium
1168,868,0.32,G,VVS1,Ideal
1169,16933,1.53,G,VS1,Ideal
1170,910,0.34,F,VS2,Ideal
1171,6100,1.33,H,SI2,Very Good
1172,1163,0.4,J,VVS1,Premium
1173,5614,1.13,G,SI1,Premium
1174,841,0.26,E,VVS2,Ideal
1175,5574,1.05,F,SI1,Ideal
1176,1243,0.41,G,VVS1,Very Good
1177,855,0.4,D,SI2,Premium
1178,1963,0.51,G,VVS2,Very Good
1179,442,0.28,G,VS2,Very Good
1180,13375,1.79,I,VS1,Premium
1181,1045,0.24,F,VVS1,Ideal
1182,3553,1,G,SI2,Good
1183,5926,1.22,D,SI1,Premium
1184,680,0.39,I,VS2,Ideal
1185,6975,0.91,D,VS1,Ideal
1186,4515,1.28,G,I1,Ideal
1187,2394,0.83,G,SI2,Fair
1188,760,0.32,D,SI1,Good
1189,3393,0.52,E,VVS1,Ideal
1190,5045,1.2,J,SI1,Premium
1191,657,0.3,H,VVS1,Very Good
1192,2844,0.72,F,VS2,Premium
1193,3670,0.72,G,VVS2,Ideal
1194,15266,1.51,G,VS1,Ideal
1195,941,0.3,G,VVS1,Ideal
1196,9096,1.1,F,VS1,Ideal
1197,4018,0.9,F,SI1,Very Good
1198,2880,0.61,D,VVS2,Very Good
1199,865,0.32,F,VS2,Premium
1200,4245,1.01,I,SI1,Premium
1201,1429,0.6,F,SI1,Fair
1202,1229,0.53,D,SI2,Very Good
1203,673,0.42,H,SI1,Very Good
1204,859,0.35,D,VS2,Premium
1205,465,0.26,H,VS1,Ideal
1206,4671,0.9,G,SI1,Premium
1207,2232,0.5,E,VVS2,Very Good
1208,692,0.42,J,VS1,Ideal
1209,573,0.3,G,VS2,Ideal
1210,1316,0.38,F,VVS1,Very Good
1211,5825,1.21,J,VS1,Premium
1212,1990,0.53,H,VVS1,Ideal
1213,4114,1,G,SI2,Premium
1214,2405,0.57,G,VVS1,Ideal
1215,8727,1.52,J,VS1,Premium
1216,3159,0.83,E,SI2,Ideal
1217,2063,0.51,G,VVS2,Premium
1218,16516,2.12,H,SI2,Ideal
1219,976,0.4,E,SI1,Premium
1220,3507,0.78,F,SI1,Ideal
1221,6272,1.12,I,VS1,Ideal
1222,3553,0.9,H,SI1,Very Good
1223,508,0.3,I,SI1,Very Good
1224,3272,0.73,F,VVS2,Good
1225,3613,0.96,H,SI2,Good